titulo;data;link
Desenvolvedor Front-end Angular Júnior;31/01/2025;https://minsait.gupy.io/job/eyJqb2JJZCI6ODU2Nzg3Miwic291cmNlIjoiZ3VweV9wb3J0YWwifQ==?jobBoardSource=gupy_portal
Desenvolvedor Backend Júnior;31/01/2025;https://pwrgestao.gupy.io/job/eyJqb2JJZCI6ODU2NjgzOCwic291cmNlIjoiZ3VweV9wb3J0YWwifQ==?jobBoardSource=gupy_portal
Desenvolvedor(a) Java Júnior;29/01/2025;https://minsait.gupy.io/job/eyJqb2JJZCI6ODU0NTE4Mywic291cmNlIjoiZ3VweV9wb3J0YWwifQ==?jobBoardSource=gupy_portal
Desenvolvedor Java Júnior (Spring + Vaadin) (PRESENCIAL);28/01/2025;https://fiscaltech.gupy.io/job/eyJqb2JJZCI6ODU0MTU3NCwic291cmNlIjoiZ3VweV9wb3J0YWwifQ==?jobBoardSource=gupy_portal
Desenvolvedor(a) Junior - .NET;27/01/2025;https://mycon.gupy.io/job/eyJqb2JJZCI6ODUzOTI0MSwic291cmNlIjoiZ3VweV9wb3J0YWwifQ==?jobBoardSource=gupy_portal
[013] Pessoa Desenvolvedora .net Júnior (Afirmativa para mulheres);22/01/2025;https://ilegra.gupy.io/job/eyJqb2JJZCI6ODUxMDY3MCwic291cmNlIjoiZ3VweV9wb3J0YWwifQ==?jobBoardSource=gupy_portal
Pessoa Desenvolvedora .Net Junior (Híbrido/BH);21/01/2025;https://bhs.gupy.io/job/eyJqb2JJZCI6ODUwMjMwNCwic291cmNlIjoiZ3VweV9wb3J0YWwifQ==?jobBoardSource=gupy_portal
Pessoa Desenvolvedora Back-End Trainee/Junior (Híbrido/BH);20/01/2025;https://bhs.gupy.io/job/eyJqb2JJZCI6ODQ5NjUwOSwic291cmNlIjoiZ3VweV9wb3J0YWwifQ==?jobBoardSource=gupy_portal
Desenvolvedor Front-end Júnior;16/01/2025;https://distribuidoracoimbra.gupy.io/job/eyJqb2JJZCI6ODQ3NDExMywic291cmNlIjoiZ3VweV9wb3J0YWwifQ==?jobBoardSource=gupy_portal
Desenvolvedor(a) Backend Junior (Java/Kotlin);16/01/2025;https://contabilizei.gupy.io/job/eyJqb2JJZCI6ODQ3MzA2MSwic291cmNlIjoiZ3VweV9wb3J0YWwifQ==?jobBoardSource=gupy_portal
CODEX UTILITIES - ANALISTA DESENVOLVEDOR JUNIOR - DIRETORIA SUCESSO DO CLIENTE - CLT;10/01/2025;https://codexutilities.gupy.io/job/eyJqb2JJZCI6ODQxODc3Mywic291cmNlIjoiZ3VweV9wb3J0YWwifQ==?jobBoardSource=gupy_portal
Desenvolvedor Junior;10/01/2025;https://vemserbenner.gupy.io/job/eyJqb2JJZCI6ODI3MjYyOCwic291cmNlIjoiZ3VweV9wb3J0YWwifQ==?jobBoardSource=gupy_portal
Pessoa Desenvolvedora Frontend Júnior (Vue);09/01/2025;https://mb.gupy.io/job/eyJqb2JJZCI6ODQyODE2OSwic291cmNlIjoiZ3VweV9wb3J0YWwifQ==?jobBoardSource=gupy_portal
Desenvolvedor(a) Angular Junior;09/01/2025;https://vempraponta.gupy.io/job/eyJqb2JJZCI6ODQwODg3NCwic291cmNlIjoiZ3VweV9wb3J0YWwifQ==?jobBoardSource=gupy_portal
Desenvolvedor Backend Junior;09/01/2025;https://mutantbrvagas.gupy.io/job/eyJqb2JJZCI6ODM5ODQ1NCwic291cmNlIjoiZ3VweV9wb3J0YWwifQ==?jobBoardSource=gupy_portal
Desenvolvedor Sydle | Júnior;09/01/2025;https://ici.gupy.io/job/eyJqb2JJZCI6ODQyMTcyNiwic291cmNlIjoiZ3VweV9wb3J0YWwifQ==?jobBoardSource=gupy_portal
CODEX UTILITIES - Analista Desenvolvedor Júnior;07/01/2025;https://codexutilities.gupy.io/job/eyJqb2JJZCI6ODMwNDE1Miwic291cmNlIjoiZ3VweV9wb3J0YWwifQ==?jobBoardSource=gupy_portal
Analista de P&D - Desenvolvedor Embarcado Júnior;06/01/2025;https://fueltech.gupy.io/job/eyJqb2JJZCI6ODM3NDg0NCwic291cmNlIjoiZ3VweV9wb3J0YWwifQ==?jobBoardSource=gupy_portal
Desenvolvedor(a) SQL Server - Júnior;03/01/2025;https://confitec.gupy.io/job/eyJqb2JJZCI6ODMzNzUxMiwic291cmNlIjoiZ3VweV9wb3J0YWwifQ==?jobBoardSource=gupy_portal
